B4417317BC49;192.168.10.105
574B3B9321BE;192.168.10.106
A7C88EE4845B;192.168.10.107
5E928C75B56A;192.168.10.108
19DBB7B2DD13;192.168.10.109
C5CD370F4103;192.168.10.110
A9C16FDBEBB2;192.168.10.111
48DF6C72AAB5;192.168.10.112
ECB12EF53C72;192.168.10.113
7E61CBC2D43C;192.168.10.114
C6F4AAA3CF74;192.168.10.115
2E6ED013BA93;192.168.10.116
0CD854B08A10;192.168.10.117
80B098411F39;192.168.10.118
33AF485E3186;192.168.10.119
49C88E233284;192.168.10.122
78ECAC82DD67;192.168.10.123
EB4A428BA879;192.168.10.125
6A8F43396051;192.168.10.126
